<?xml version="1.0" encoding="UTF-8"?>
<metadata xml:lang="en"><Esri><CreaDate>20230326</CreaDate><CreaTime>20490100</CreaTime><ArcGISFormat>1.0</ArcGISFormat><SyncOnce>TRUE</SyncOnce><DataProperties><lineage><Process ToolSource="e:\program files\arcgis\Resources\ArcToolbox\toolboxes\Conversion Tools.tbx\FeatureToRaster" Date="20230326" Time="204901">FeatureToRaster geo_export_82bb9654-bc3f-496f-b475-6495a8158583 Permeable D:\CPLN\6750\asgn3\6753\shp\permeable 1.60637686284406E-03</Process></lineage><LayerFile>{"type":"CIMLayerDocument","version":"3.0.0","build":36056,"layers":["CIMPATH=map/permeable.json"],"layerDefinitions":[{"type":"CIMRasterLayer","name":"permeable","uRI":"CIMPATH=map/permeable.json","sourceModifiedTime":{"type":"TimeInstant"},"useSourceMetadata":true,"description":"permeable","layerElevation":{"type":"CIMLayerElevationSurface","elevationSurfaceLayerURI":"CIMPATH=Map/aa59983de9c2423b9828dcfd7efa5288.json"},"expanded":true,"layerType":"Operational","showLegends":true,"visibility":true,"displayCacheType":"Permanent","maxDisplayCacheAge":5,"showPopups":true,"serviceLayerID":-1,"refreshRate":-1,"refreshRateUnit":"esriTimeUnitsSeconds","blendingMode":"Alpha","allowDrapingOnIntegratedMesh":true,"dataConnection":{"type":"CIMStandardDataConnection","workspaceConnectionString":"DATABASE=D:\\CPLN\\6750\\asgn3\\6753\\shp\\","workspaceFactory":"Raster","dataset":"permeable","datasetType":"esriDTRasterDataset"},"colorizer":{"type":"CIMRasterUniqueValueColorizer","resamplingType":"NearestNeighbor","fieldName":"Value","groups":[{"type":"CIMRasterUniqueValueGroup","classes":[{"type":"CIMRasterUniqueValueClass","values":["0"],"label":"0","color":{"type":"CIMRGBColor","values":[125.03,103.040000000000006,172.069999999999993,100]}},{"type":"CIMRasterUniqueValueClass","values":["1"],"label":"1","color":{"type":"CIMRGBColor","values":[113.88,243.860000000000014,90.4899999999999949,100]}}],"heading":"Value"}],"colorRamp":{"type":"CIMRandomHSVColorRamp","colorSpace":{"type":"CIMICCColorSpace","url":"Default RGB"},"maxH":360,"minS":33,"maxS":66,"minV":50,"maxV":99,"minAlpha":100,"maxAlpha":100}},"attributeTable":{"type":"CIMRasterTable","displayField":"VALUE","editable":true}}]}</LayerFile></DataProperties></Esri></metadata>
