<?xml version="1.0" encoding="UTF-8"?>
<metadata xml:lang="en"><Esri><CreaDate>20230328</CreaDate><CreaTime>00381200</CreaTime><ArcGISFormat>1.0</ArcGISFormat><SyncOnce>TRUE</SyncOnce><DataProperties><lineage><Process ToolSource="e:\program files\arcgis\Resources\ArcToolbox\toolboxes\Image Analyst Tools.tbx\RasterCalculator" Date="20230328" Time="003812">RasterCalculator " "perm_den"*"city_den" " D:\CPLN\6750\asgn3\6753Denver\DenverDat\permeable_den</Process></lineage></DataProperties></Esri></metadata>
