<?xml version="1.0" encoding="UTF-8"?>
<metadata xml:lang="en"><Esri><CreaDate>20230327</CreaDate><CreaTime>17392600</CreaTime><ArcGISFormat>1.0</ArcGISFormat><SyncOnce>TRUE</SyncOnce><DataProperties><lineage><Process ToolSource="e:\program files\arcgis\Resources\ArcToolbox\toolboxes\Image Analyst Tools.tbx\RasterCalculator" Date="20230327" Time="173926">RasterCalculator " "city_den"* "basin_den"" D:\CPLN\6750\asgn3\6753Denver\denver2\raster\denver_basin</Process></lineage></DataProperties></Esri></metadata>
