<PAMDataset>
  <Metadata domain="Esri">
    <MDI key="PyramidResamplingType">NEAREST</MDI>
  </Metadata>
  <Metadata>
    <MDI key="gp-lyrx">Yes</MDI>
  </Metadata>
  <PAMRasterBand band="1">
    <Description>perm_den</Description>
    <Metadata domain="IMAGE_STRUCTURE">
      <MDI key="NBITS">2</MDI>
    </Metadata>
    <Metadata>
      <MDI key="STATISTICS_MEDIAN">nan</MDI>
      <MDI key="STATISTICS_SKIPFACTORX">1</MDI>
      <MDI key="STATISTICS_SKIPFACTORY">1</MDI>
    </Metadata>
  </PAMRasterBand>
</PAMDataset>
