<?xml version="1.0" encoding="UTF-8"?>
<metadata xml:lang="en"><Esri><CreaDate>20230326</CreaDate><CreaTime>22055300</CreaTime><ArcGISFormat>1.0</ArcGISFormat><SyncOnce>TRUE</SyncOnce><DataProperties><lineage><Process ToolSource="e:\program files\arcgis\Resources\ArcToolbox\toolboxes\Conversion Tools.tbx\FeatureToRaster" Date="20230326" Time="220553">FeatureToRaster denver permeable D:\CPLN\6750\asgn3\6753Denver\data\perm_den 1.60637686284406E-03</Process></lineage><LayerFile>{"type":"CIMLayerDocument","version":"3.0.0","build":36056,"layers":["CIMPATH=map/perm_den.json"],"layerDefinitions":[{"type":"CIMRasterLayer","name":"perm_den","uRI":"CIMPATH=map/perm_den.json","sourceModifiedTime":{"type":"TimeInstant"},"useSourceMetadata":true,"description":"perm_den","layerElevation":{"type":"CIMLayerElevationSurface","elevationSurfaceLayerURI":"CIMPATH=Map/1ee57a77a488474bbcb829586244c40a.json"},"expanded":true,"layerType":"Operational","showLegends":true,"visibility":true,"displayCacheType":"Permanent","maxDisplayCacheAge":5,"showPopups":true,"serviceLayerID":-1,"refreshRate":-1,"refreshRateUnit":"esriTimeUnitsSeconds","blendingMode":"Alpha","allowDrapingOnIntegratedMesh":true,"dataConnection":{"type":"CIMStandardDataConnection","workspaceConnectionString":"DATABASE=D:\\CPLN\\6750\\asgn3\\6753Denver\\data\\","workspaceFactory":"Raster","dataset":"perm_den","datasetType":"esriDTRasterDataset"},"colorizer":{"type":"CIMRasterUniqueValueColorizer","resamplingType":"NearestNeighbor","fieldName":"Value","groups":[{"type":"CIMRasterUniqueValueGroup","classes":[{"type":"CIMRasterUniqueValueClass","values":["0"],"label":"0","color":{"type":"CIMRGBColor","values":[181.37,103.989999999999995,238.680000000000007,100]}},{"type":"CIMRasterUniqueValueClass","values":["1"],"label":"1","color":{"type":"CIMRGBColor","values":[101.459999999999994,208.259999999999991,114.900000000000006,100]}}],"heading":"Value"}],"colorRamp":{"type":"CIMRandomHSVColorRamp","colorSpace":{"type":"CIMICCColorSpace","url":"Default RGB"},"maxH":360,"minS":33,"maxS":66,"minV":50,"maxV":99,"minAlpha":100,"maxAlpha":100}},"attributeTable":{"type":"CIMRasterTable","displayField":"VALUE","editable":true}}]}</LayerFile></DataProperties></Esri></metadata>
