<?xml version="1.0" encoding="UTF-8"?>
<metadata xml:lang="en"><Esri><CreaDate>20230328</CreaDate><CreaTime>00472700</CreaTime><ArcGISFormat>1.0</ArcGISFormat><SyncOnce>TRUE</SyncOnce><DataProperties><lineage><Process ToolSource="e:\program files\arcgis\Resources\ArcToolbox\toolboxes\Image Analyst Tools.tbx\RasterCalculator" Date="20230328" Time="004727">RasterCalculator " "denverdem1.dat" * "city_den"" D:\CPLN\6750\asgn3\6753Denver\DenverDat\dem_den</Process></lineage></DataProperties></Esri></metadata>
